timestamp,duration,total_moves,white_moves,black_moves,winner,white_captures,black_captures,castling_white,castling_black,en_passant,check_events,avg_move_time
20250511_203620,69.03007221221924,35,18,17,white,7,3,1,1,0,3,1.9720467158726283
20250511_203701,109.48031902313232,35,18,17,black,7,3,1,1,0,4,1.9720467158726283
20250511_203722,12.212437152862549,7,4,3,white,1,0,0,0,0,0,1.7434615748269218
20250511_205431,13.765005826950073,7,4,3,white,1,0,0,0,0,0,1.9652691568647112
20250511_205431,13.79104471206665,7,4,3,white,1,0,0,0,0,1,1.9652691568647112
20250511_205431,13.815476894378662,7,4,3,white,1,0,0,0,0,1,1.9652691568647112
20250511_205431,13.839961767196655,7,4,3,white,1,0,0,0,0,1,1.9652691568647112
20250511_205431,13.864235639572144,7,4,3,white,1,0,0,0,0,1,1.9652691568647112
20250511_205431,13.888741731643677,7,4,3,white,1,0,0,0,0,1,1.9652691568647112
20250511_205431,13.913708686828613,7,4,3,white,1,0,0,0,0,1,1.9652691568647112
20250511_205431,13.938554763793945,7,4,3,white,1,0,0,0,0,1,1.9652691568647112
20250511_205431,13.963003873825073,7,4,3,white,1,0,0,0,0,1,1.9652691568647112
20250511_205431,13.987383842468262,7,4,3,white,1,0,0,0,0,1,1.9652691568647112
20250511_205431,14.011761903762817,7,4,3,white,1,0,0,0,0,1,1.9652691568647112
20250511_205431,14.03603196144104,7,4,3,white,1,0,0,0,0,1,1.9652691568647112
20250511_205431,14.066293716430664,7,4,3,white,1,0,0,0,0,1,1.9652691568647112
20250511_205431,14.09176778793335,7,4,3,white,1,0,0,0,0,1,1.9652691568647112
20250511_205431,14.116405725479126,7,4,3,white,1,0,0,0,0,1,1.9652691568647112
20250511_205431,14.141496658325195,7,4,3,white,1,0,0,0,0,1,1.9652691568647112
20250511_205431,14.1679208278656,7,4,3,white,1,0,0,0,0,1,1.9652691568647112
20250511_205431,14.196472883224487,7,4,3,white,1,0,0,0,0,1,1.9652691568647112
20250511_205431,14.22596263885498,7,4,3,white,1,0,0,0,0,1,1.9652691568647112
20250511_205431,14.25107192993164,7,4,3,white,1,0,0,0,0,1,1.9652691568647112
20250511_205431,14.275717735290527,7,4,3,white,1,0,0,0,0,1,1.9652691568647112
20250511_205431,14.299814939498901,7,4,3,white,1,0,0,0,0,1,1.9652691568647112
20250511_205431,14.325393915176392,7,4,3,white,1,0,0,0,0,1,1.9652691568647112
20250511_205431,14.349135875701904,7,4,3,white,1,0,0,0,0,1,1.9652691568647112
20250511_205431,14.373840808868408,7,4,3,white,1,0,0,0,0,1,1.9652691568647112
20250511_205431,14.398531675338745,7,4,3,white,1,0,0,0,0,1,1.9652691568647112
20250511_205431,14.42415165901184,7,4,3,white,1,0,0,0,0,1,1.9652691568647112
20250511_205431,14.449065923690796,7,4,3,white,1,0,0,0,0,1,1.9652691568647112
20250511_205431,14.47746467590332,7,4,3,white,1,0,0,0,0,1,1.9652691568647112
20250511_205432,14.506005048751831,7,4,3,white,1,0,0,0,0,1,1.9652691568647112
20250511_205432,14.531214714050293,7,4,3,white,1,0,0,0,0,1,1.9652691568647112
20250511_205432,14.55546498298645,7,4,3,white,1,0,0,0,0,1,1.9652691568647112
20250511_205432,14.579378843307495,7,4,3,white,1,0,0,0,0,1,1.9652691568647112
20250511_205432,14.603063821792603,7,4,3,white,1,0,0,0,0,1,1.9652691568647112
20250511_205432,14.626635789871216,7,4,3,white,1,0,0,0,0,1,1.9652691568647112
20250511_205432,14.650317668914795,7,4,3,white,1,0,0,0,0,1,1.9652691568647112
20250511_205432,14.674445867538452,7,4,3,white,1,0,0,0,0,1,1.9652691568647112
20250511_205432,14.698202848434448,7,4,3,white,1,0,0,0,0,1,1.9652691568647112
20250511_205432,14.721999883651733,7,4,3,white,1,0,0,0,0,1,1.9652691568647112
20250511_205432,14.745813608169556,7,4,3,white,1,0,0,0,0,1,1.9652691568647112
20250511_205432,14.77007794380188,7,4,3,white,1,0,0,0,0,1,1.9652691568647112
20250511_205432,14.793875932693481,7,4,3,white,1,0,0,0,0,1,1.9652691568647112
20250511_205432,14.817760705947876,7,4,3,white,1,0,0,0,0,1,1.9652691568647112
20250511_205432,14.841405868530273,7,4,3,white,1,0,0,0,0,1,1.9652691568647112
20250511_205432,14.865564823150635,7,4,3,white,1,0,0,0,0,1,1.9652691568647112
20250511_205432,14.88925576210022,7,4,3,white,1,0,0,0,0,1,1.9652691568647112
20250511_205432,14.912964820861816,7,4,3,white,1,0,0,0,0,1,1.9652691568647112
20250511_205432,14.93678903579712,7,4,3,white,1,0,0,0,0,1,1.9652691568647112
20250511_205432,14.962380647659302,7,4,3,white,1,0,0,0,0,1,1.9652691568647112
20250511_205432,14.986197710037231,7,4,3,white,1,0,0,0,0,1,1.9652691568647112
20250511_205432,15.009817838668823,7,4,3,white,1,0,0,0,0,1,1.9652691568647112
20250511_205432,15.033561706542969,7,4,3,white,1,0,0,0,0,1,1.9652691568647112
20250511_205432,15.05752682685852,7,4,3,white,1,0,0,0,0,1,1.9652691568647112
20250511_205432,15.081242799758911,7,4,3,white,1,0,0,0,0,1,1.9652691568647112
20250511_205432,15.106746912002563,7,4,3,white,1,0,0,0,0,1,1.9652691568647112
20250511_205432,15.130725860595703,7,4,3,white,1,0,0,0,0,1,1.9652691568647112
20250511_205504,46.56558680534363,24,13,11,white,3,2,0,0,0,1,1.9398743410905201
20250511_205504,46.59067702293396,24,13,11,white,3,2,0,0,0,2,1.9398743410905201
20250511_205504,46.61465382575989,24,13,11,white,3,2,0,0,0,2,1.9398743410905201
20250511_205504,46.63839387893677,24,13,11,white,3,2,0,0,0,2,1.9398743410905201
20250511_205504,46.66276788711548,24,13,11,white,3,2,0,0,0,2,1.9398743410905201
20250511_205504,46.68701982498169,24,13,11,white,3,2,0,0,0,2,1.9398743410905201
20250511_205504,46.711050033569336,24,13,11,white,3,2,0,0,0,2,1.9398743410905201
20250511_205504,46.73461890220642,24,13,11,white,3,2,0,0,0,2,1.9398743410905201
20250511_205504,46.75848078727722,24,13,11,white,3,2,0,0,0,2,1.9398743410905201
20250511_205504,46.78187966346741,24,13,11,white,3,2,0,0,0,2,1.9398743410905201
20250511_205504,46.80537176132202,24,13,11,white,3,2,0,0,0,2,1.9398743410905201
20250511_205504,46.82895064353943,24,13,11,white,3,2,0,0,0,2,1.9398743410905201
20250511_205504,46.852747678756714,24,13,11,white,3,2,0,0,0,2,1.9398743410905201
20250511_205504,46.876354694366455,24,13,11,white,3,2,0,0,0,2,1.9398743410905201
20250511_205504,46.9004807472229,24,13,11,white,3,2,0,0,0,2,1.9398743410905201
20250511_205504,46.92407560348511,24,13,11,white,3,2,0,0,0,2,1.9398743410905201
20250511_205504,46.94775080680847,24,13,11,white,3,2,0,0,0,2,1.9398743410905201
20250511_205504,46.9721417427063,24,13,11,white,3,2,0,0,0,2,1.9398743410905201
20250511_205504,46.99576282501221,24,13,11,white,3,2,0,0,0,2,1.9398743410905201
20250511_205504,47.0198757648468,24,13,11,white,3,2,0,0,0,2,1.9398743410905201
20250511_205504,47.044063568115234,24,13,11,white,3,2,0,0,0,2,1.9398743410905201
20250511_205504,47.06818890571594,24,13,11,white,3,2,0,0,0,2,1.9398743410905201
20250511_205504,47.09229278564453,24,13,11,white,3,2,0,0,0,2,1.9398743410905201
20250511_205504,47.1160728931427,24,13,11,white,3,2,0,0,0,2,1.9398743410905201
20250511_205504,47.13963294029236,24,13,11,white,3,2,0,0,0,2,1.9398743410905201
20250511_205504,47.16369986534119,24,13,11,white,3,2,0,0,0,2,1.9398743410905201
20250511_205504,47.18730878829956,24,13,11,white,3,2,0,0,0,2,1.9398743410905201
20250511_205504,47.21093201637268,24,13,11,white,3,2,0,0,0,2,1.9398743410905201
20250511_205504,47.2337327003479,24,13,11,white,3,2,0,0,0,2,1.9398743410905201
20250511_205504,47.25790286064148,24,13,11,white,3,2,0,0,0,2,1.9398743410905201
20250511_205504,47.28296661376953,24,13,11,white,3,2,0,0,0,2,1.9398743410905201
20250511_205504,47.307703733444214,24,13,11,white,3,2,0,0,0,2,1.9398743410905201
20250511_205553,95.56828594207764,41,22,19,white,6,3,0,0,0,2,2.330731246529556
20250511_205553,95.59330177307129,41,22,19,white,6,3,0,0,0,3,2.330731246529556
20250511_205553,95.61769556999207,41,22,19,white,6,3,0,0,0,3,2.330731246529556
20250511_205553,95.6417818069458,41,22,19,white,6,3,0,0,0,3,2.330731246529556
20250511_205553,95.66636395454407,41,22,19,white,6,3,0,0,0,3,2.330731246529556
20250511_205553,95.6907868385315,41,22,19,white,6,3,0,0,0,3,2.330731246529556
20250511_205553,95.71458101272583,41,22,19,white,6,3,0,0,0,3,2.330731246529556
20250511_205553,95.73841691017151,41,22,19,white,6,3,0,0,0,3,2.330731246529556
20250511_205553,95.76398968696594,41,22,19,white,6,3,0,0,0,3,2.330731246529556
20250511_205553,95.78907871246338,41,22,19,white,6,3,0,0,0,3,2.330731246529556
20250511_205553,95.81504273414612,41,22,19,white,6,3,0,0,0,3,2.330731246529556
20250511_205553,95.84321689605713,41,22,19,white,6,3,0,0,0,3,2.330731246529556
20250511_205553,95.87064671516418,41,22,19,white,6,3,0,0,0,3,2.330731246529556
20250511_205553,95.89539575576782,41,22,19,white,6,3,0,0,0,3,2.330731246529556
20250511_205553,95.91993498802185,41,22,19,white,6,3,0,0,0,3,2.330731246529556
20250511_205553,95.94448184967041,41,22,19,white,6,3,0,0,0,3,2.330731246529556
20250511_205553,95.96865677833557,41,22,19,white,6,3,0,0,0,3,2.330731246529556
20250511_205553,95.99292588233948,41,22,19,white,6,3,0,0,0,3,2.330731246529556
20250511_205553,96.0171709060669,41,22,19,white,6,3,0,0,0,3,2.330731246529556
20250511_205553,96.04109477996826,41,22,19,white,6,3,0,0,0,3,2.330731246529556
20250511_205553,96.06501078605652,41,22,19,white,6,3,0,0,0,3,2.330731246529556
20250511_205553,96.08945894241333,41,22,19,white,6,3,0,0,0,3,2.330731246529556
20250511_205553,96.11359786987305,41,22,19,white,6,3,0,0,0,3,2.330731246529556
20250511_205553,96.1371898651123,41,22,19,white,6,3,0,0,0,3,2.330731246529556
20250511_205553,96.16054463386536,41,22,19,white,6,3,0,0,0,3,2.330731246529556
20250511_205553,96.18419885635376,41,22,19,white,6,3,0,0,0,3,2.330731246529556
20250511_205553,96.20795774459839,41,22,19,white,6,3,0,0,0,3,2.330731246529556
20250511_205553,96.23167181015015,41,22,19,white,6,3,0,0,0,3,2.330731246529556
20250511_205553,96.25534391403198,41,22,19,white,6,3,0,0,0,3,2.330731246529556
20250511_205553,96.27868866920471,41,22,19,white,6,3,0,0,0,3,2.330731246529556
20250511_205553,96.30219984054565,41,22,19,white,6,3,0,0,0,3,2.330731246529556
20250511_205553,96.32595467567444,41,22,19,white,6,3,0,0,0,3,2.330731246529556
20250511_205553,96.34973478317261,41,22,19,white,6,3,0,0,0,3,2.330731246529556
20250511_205553,96.3734679222107,41,22,19,white,6,3,0,0,0,3,2.330731246529556
20250511_205553,96.39716100692749,41,22,19,white,6,3,0,0,0,3,2.330731246529556
20250511_205553,96.42082977294922,41,22,19,white,6,3,0,0,0,3,2.330731246529556
20250511_205553,96.44457387924194,41,22,19,white,6,3,0,0,0,3,2.330731246529556
20250511_205553,96.46810984611511,41,22,19,white,6,3,0,0,0,3,2.330731246529556
20250511_205553,96.49161672592163,41,22,19,white,6,3,0,0,0,3,2.330731246529556
20250511_205554,96.51515078544617,41,22,19,white,6,3,0,0,0,3,2.330731246529556
20250511_205554,96.5390317440033,41,22,19,white,6,3,0,0,0,3,2.330731246529556
20250511_205554,96.56318688392639,41,22,19,white,6,3,0,0,0,3,2.330731246529556
20250511_205554,96.58693790435791,41,22,19,white,6,3,0,0,0,3,2.330731246529556
20250511_205554,96.61043787002563,41,22,19,white,6,3,0,0,0,3,2.330731246529556
20250511_205554,96.63448286056519,41,22,19,white,6,3,0,0,0,3,2.330731246529556
20250511_205554,96.658207654953,41,22,19,white,6,3,0,0,0,3,2.330731246529556
20250511_205554,96.68187379837036,41,22,19,white,6,3,0,0,0,3,2.330731246529556
20250511_205554,96.70539879798889,41,22,19,white,6,3,0,0,0,3,2.330731246529556
20250511_205554,96.72873091697693,41,22,19,white,6,3,0,0,0,3,2.330731246529556
20250511_205554,96.75290870666504,41,22,19,white,6,3,0,0,0,3,2.330731246529556
20250511_205554,96.77654671669006,41,22,19,white,6,3,0,0,0,3,2.330731246529556
20250511_205554,96.80020380020142,41,22,19,white,6,3,0,0,0,3,2.330731246529556
20250511_205554,96.82374882698059,41,22,19,white,6,3,0,0,0,3,2.330731246529556
20250511_205554,96.84782385826111,41,22,19,white,6,3,0,0,0,3,2.330731246529556
20250511_205554,96.87156462669373,41,22,19,white,6,3,0,0,0,3,2.330731246529556
20250511_205554,96.89506483078003,41,22,19,white,6,3,0,0,0,3,2.330731246529556
20250511_205554,96.91866183280945,41,22,19,white,6,3,0,0,0,3,2.330731246529556
20250511_205554,96.94240689277649,41,22,19,white,6,3,0,0,0,3,2.330731246529556
20250511_205554,96.96599388122559,41,22,19,white,6,3,0,0,0,3,2.330731246529556
20250511_205554,96.99071478843689,41,22,19,white,6,3,0,0,0,3,2.330731246529556
20250511_205554,97.01548600196838,41,22,19,white,6,3,0,0,0,3,2.330731246529556
20250511_205554,97.04195976257324,41,22,19,white,6,3,0,0,0,3,2.330731246529556
20250511_205554,97.06630086898804,41,22,19,white,6,3,0,0,0,3,2.330731246529556
20250511_205554,97.09011197090149,41,22,19,white,6,3,0,0,0,3,2.330731246529556
20250511_205554,97.11479187011719,41,22,19,white,6,3,0,0,0,3,2.330731246529556
20250511_205554,97.1385006904602,41,22,19,white,6,3,0,0,0,3,2.330731246529556
20250511_205554,97.16225481033325,41,22,19,white,6,3,0,0,0,3,2.330731246529556
20250511_205554,97.18617486953735,41,22,19,white,6,3,0,0,0,3,2.330731246529556
20250511_205554,97.20965480804443,41,22,19,white,6,3,0,0,0,3,2.330731246529556
20250511_205554,97.2335696220398,41,22,19,white,6,3,0,0,0,3,2.330731246529556
20250511_205554,97.25742268562317,41,22,19,white,6,3,0,0,0,3,2.330731246529556
20250511_205554,97.28083992004395,41,22,19,white,6,3,0,0,0,3,2.330731246529556
20250511_205554,97.30429697036743,41,22,19,white,6,3,0,0,0,3,2.330731246529556
20250511_205554,97.32808566093445,41,22,19,white,6,3,0,0,0,3,2.330731246529556
20250511_205554,97.35190773010254,41,22,19,white,6,3,0,0,0,3,2.330731246529556
20250511_205554,97.37550687789917,41,22,19,white,6,3,0,0,0,3,2.330731246529556
20250511_205554,97.39910769462585,41,22,19,white,6,3,0,0,0,3,2.330731246529556
20250511_205554,97.42252802848816,41,22,19,white,6,3,0,0,0,3,2.330731246529556
20250511_205554,97.44599080085754,41,22,19,white,6,3,0,0,0,3,2.330731246529556
20250511_205554,97.46957802772522,41,22,19,white,6,3,0,0,0,3,2.330731246529556
20250511_205554,97.49318194389343,41,22,19,white,6,3,0,0,0,3,2.330731246529556
20250511_205555,97.51705074310303,41,22,19,white,6,3,0,0,0,3,2.330731246529556
20250511_205555,97.54083156585693,41,22,19,white,6,3,0,0,0,3,2.330731246529556
20250511_205555,97.56480574607849,41,22,19,white,6,3,0,0,0,3,2.330731246529556
20250511_205555,97.58832883834839,41,22,19,white,6,3,0,0,0,3,2.330731246529556
20250511_205555,97.61178874969482,41,22,19,white,6,3,0,0,0,3,2.330731246529556
20250511_205555,97.6353108882904,41,22,19,white,6,3,0,0,0,3,2.330731246529556
20250511_205555,97.65910363197327,41,22,19,white,6,3,0,0,0,3,2.330731246529556
20250511_205555,97.6827278137207,41,22,19,white,6,3,0,0,0,3,2.330731246529556
20250511_205555,97.70651292800903,41,22,19,white,6,3,0,0,0,3,2.330731246529556
20250511_205555,97.73015880584717,41,22,19,white,6,3,0,0,0,3,2.330731246529556
20250511_205555,97.75377368927002,41,22,19,white,6,3,0,0,0,3,2.330731246529556
20250511_205555,97.77741074562073,41,22,19,white,6,3,0,0,0,3,2.330731246529556
20250511_205555,97.80100584030151,41,22,19,white,6,3,0,0,0,3,2.330731246529556
20250511_205555,97.82480692863464,41,22,19,white,6,3,0,0,0,3,2.330731246529556
20250511_205555,97.84826278686523,41,22,19,white,6,3,0,0,0,3,2.330731246529556
20250511_205555,97.87238383293152,41,22,19,white,6,3,0,0,0,3,2.330731246529556
20250511_213419,2025-05-11 21:34:19,white,11.142902,7,4,3,1,0,0,0,0,0,0,0.01357142857142857,7.231000000000215,3.8020000000000636,blitz,Unknown
20250511_213419,2025-05-11 21:34:19,white,11.168574,7,4,3,1,0,1,0,0,0,0,0.01357142857142857,7.231000000000215,3.8020000000000636,blitz,Unknown
20250511_213419,2025-05-11 21:34:19,white,11.19192,7,4,3,1,0,1,0,0,0,0,0.01357142857142857,7.231000000000215,3.8020000000000636,blitz,Unknown
20250511_213419,2025-05-11 21:34:19,white,11.211509,7,4,3,1,0,1,0,0,0,0,0.01357142857142857,7.231000000000215,3.8020000000000636,blitz,Unknown
20250511_213419,2025-05-11 21:34:19,white,11.234329,7,4,3,1,0,1,0,0,0,0,0.01357142857142857,7.231000000000215,3.8020000000000636,blitz,Unknown
20250511_213419,2025-05-11 21:34:19,white,11.255595,7,4,3,1,0,1,0,0,0,0,0.01357142857142857,7.231000000000215,3.8020000000000636,blitz,Unknown
20250511_213419,2025-05-11 21:34:19,white,11.278746,7,4,3,1,0,1,0,0,0,0,0.01357142857142857,7.231000000000215,3.8020000000000636,blitz,Unknown
20250511_213419,2025-05-11 21:34:19,white,11.298121,7,4,3,1,0,1,0,0,0,0,0.01357142857142857,7.231000000000215,3.8020000000000636,blitz,Unknown
20250511_213419,2025-05-11 21:34:19,white,11.326795,7,4,3,1,0,1,0,0,0,0,0.01357142857142857,7.231000000000215,3.8020000000000636,blitz,Unknown
20250511_213419,2025-05-11 21:34:19,white,11.351347,7,4,3,1,0,1,0,0,0,0,0.01357142857142857,7.231000000000215,3.8020000000000636,blitz,Unknown
20250511_213419,2025-05-11 21:34:19,white,11.372811,7,4,3,1,0,1,0,0,0,0,0.01357142857142857,7.231000000000215,3.8020000000000636,blitz,Unknown
20250511_213419,2025-05-11 21:34:19,white,11.392424,7,4,3,1,0,1,0,0,0,0,0.01357142857142857,7.231000000000215,3.8020000000000636,blitz,Unknown
20250511_213419,2025-05-11 21:34:19,white,11.412741,7,4,3,1,0,1,0,0,0,0,0.01357142857142857,7.231000000000215,3.8020000000000636,blitz,Unknown
20250511_213419,2025-05-11 21:34:19,white,11.436495,7,4,3,1,0,1,0,0,0,0,0.01357142857142857,7.231000000000215,3.8020000000000636,blitz,Unknown
20250511_213419,2025-05-11 21:34:19,white,11.457657,7,4,3,1,0,1,0,0,0,0,0.01357142857142857,7.231000000000215,3.8020000000000636,blitz,Unknown
20250511_213419,2025-05-11 21:34:19,white,11.477264,7,4,3,1,0,1,0,0,0,0,0.01357142857142857,7.231000000000215,3.8020000000000636,blitz,Unknown
20250511_213419,2025-05-11 21:34:19,white,11.500118,7,4,3,1,0,1,0,0,0,0,0.01357142857142857,7.231000000000215,3.8020000000000636,blitz,Unknown
20250511_213419,2025-05-11 21:34:19,white,11.520827,7,4,3,1,0,1,0,0,0,0,0.01357142857142857,7.231000000000215,3.8020000000000636,blitz,Unknown
20250511_213419,2025-05-11 21:34:19,white,11.540008,7,4,3,1,0,1,0,0,0,0,0.01357142857142857,7.231000000000215,3.8020000000000636,blitz,Unknown
20250511_213419,2025-05-11 21:34:19,white,11.560169,7,4,3,1,0,1,0,0,0,0,0.01357142857142857,7.231000000000215,3.8020000000000636,blitz,Unknown
20250511_213419,2025-05-11 21:34:19,white,11.580436,7,4,3,1,0,1,0,0,0,0,0.01357142857142857,7.231000000000215,3.8020000000000636,blitz,Unknown
20250511_213419,2025-05-11 21:34:19,white,11.601199,7,4,3,1,0,1,0,0,0,0,0.01357142857142857,7.231000000000215,3.8020000000000636,blitz,Unknown
20250511_213419,2025-05-11 21:34:19,white,11.622866,7,4,3,1,0,1,0,0,0,0,0.01357142857142857,7.231000000000215,3.8020000000000636,blitz,Unknown
20250511_213419,2025-05-11 21:34:19,white,11.642023,7,4,3,1,0,1,0,0,0,0,0.01357142857142857,7.231000000000215,3.8020000000000636,blitz,Unknown
20250511_213419,2025-05-11 21:34:19,white,11.661322,7,4,3,1,0,1,0,0,0,0,0.01357142857142857,7.231000000000215,3.8020000000000636,blitz,Unknown
20250511_213419,2025-05-11 21:34:19,white,11.681313,7,4,3,1,0,1,0,0,0,0,0.01357142857142857,7.231000000000215,3.8020000000000636,blitz,Unknown
20250511_213419,2025-05-11 21:34:19,white,11.701684,7,4,3,1,0,1,0,0,0,0,0.01357142857142857,7.231000000000215,3.8020000000000636,blitz,Unknown
20250511_213419,2025-05-11 21:34:19,white,11.720734,7,4,3,1,0,1,0,0,0,0,0.01357142857142857,7.231000000000215,3.8020000000000636,blitz,Unknown
20250511_213419,2025-05-11 21:34:19,white,11.742956,7,4,3,1,0,1,0,0,0,0,0.01357142857142857,7.231000000000215,3.8020000000000636,blitz,Unknown
20250511_213419,2025-05-11 21:34:19,white,11.763203,7,4,3,1,0,1,0,0,0,0,0.01357142857142857,7.231000000000215,3.8020000000000636,blitz,Unknown
20250511_213419,2025-05-11 21:34:19,white,11.782378,7,4,3,1,0,1,0,0,0,0,0.01357142857142857,7.231000000000215,3.8020000000000636,blitz,Unknown
20250511_213419,2025-05-11 21:34:19,white,11.80147,7,4,3,1,0,1,0,0,0,0,0.01357142857142857,7.231000000000215,3.8020000000000636,blitz,Unknown
20250511_213419,2025-05-11 21:34:19,white,11.822698,7,4,3,1,0,1,0,0,0,0,0.01357142857142857,7.231000000000215,3.8020000000000636,blitz,Unknown
20250511_213419,2025-05-11 21:34:19,white,11.841804,7,4,3,1,0,1,0,0,0,0,0.01357142857142857,7.231000000000215,3.8020000000000636,blitz,Unknown
20250511_213419,2025-05-11 21:34:19,white,11.860898,7,4,3,1,0,1,0,0,0,0,0.01357142857142857,7.231000000000215,3.8020000000000636,blitz,Unknown
20250511_213419,2025-05-11 21:34:19,white,11.881786,7,4,3,1,0,1,0,0,0,0,0.01357142857142857,7.231000000000215,3.8020000000000636,blitz,Unknown
20250511_213419,2025-05-11 21:34:19,white,11.901088,7,4,3,1,0,1,0,0,0,0,0.01357142857142857,7.231000000000215,3.8020000000000636,blitz,Unknown
20250511_213419,2025-05-11 21:34:19,white,11.920562,7,4,3,1,0,1,0,0,0,0,0.01357142857142857,7.231000000000215,3.8020000000000636,blitz,Unknown
20250511_213419,2025-05-11 21:34:19,white,11.942174,7,4,3,1,0,1,0,0,0,0,0.01357142857142857,7.231000000000215,3.8020000000000636,blitz,Unknown
20250511_213419,2025-05-11 21:34:19,white,11.961288,7,4,3,1,0,1,0,0,0,0,0.01357142857142857,7.231000000000215,3.8020000000000636,blitz,Unknown
20250511_213419,2025-05-11 21:34:19,white,11.9804,7,4,3,1,0,1,0,0,0,0,0.01357142857142857,7.231000000000215,3.8020000000000636,blitz,Unknown
20250511_213419,2025-05-11 21:34:19,white,12.001243,7,4,3,1,0,1,0,0,0,0,0.01357142857142857,7.231000000000215,3.8020000000000636,blitz,Unknown
20250511_213419,2025-05-11 21:34:19,white,12.023245,7,4,3,1,0,1,0,0,0,0,0.01357142857142857,7.231000000000215,3.8020000000000636,blitz,Unknown
20250511_213419,2025-05-11 21:34:19,white,12.042369,7,4,3,1,0,1,0,0,0,0,0.01357142857142857,7.231000000000215,3.8020000000000636,blitz,Unknown
20250511_213419,2025-05-11 21:34:19,white,12.061653,7,4,3,1,0,1,0,0,0,0,0.01357142857142857,7.231000000000215,3.8020000000000636,blitz,Unknown
20250511_214023,2025-05-11 21:40:23,white,64.389755,33,17,16,4,2,3,1,1,0,0,0.014151515151515161,30.23700000000083,33.66900000000075,blitz,Unknown
20250511_214023,2025-05-11 21:40:23,white,64.411621,33,17,16,4,2,4,1,1,0,0,0.014151515151515161,30.23700000000083,33.66900000000075,blitz,Unknown
20250511_214023,2025-05-11 21:40:23,white,64.434186,33,17,16,4,2,4,1,1,0,0,0.014151515151515161,30.23700000000083,33.66900000000075,blitz,Unknown
20250511_214023,2025-05-11 21:40:23,white,64.454708,33,17,16,4,2,4,1,1,0,0,0.014151515151515161,30.23700000000083,33.66900000000075,blitz,Unknown
20250511_214023,2025-05-11 21:40:23,white,64.474142,33,17,16,4,2,4,1,1,0,0,0.014151515151515161,30.23700000000083,33.66900000000075,blitz,Unknown
20250511_214023,2025-05-11 21:40:23,white,64.496932,33,17,16,4,2,4,1,1,0,0,0.014151515151515161,30.23700000000083,33.66900000000075,blitz,Unknown
20250511_214023,2025-05-11 21:40:23,white,64.517793,33,17,16,4,2,4,1,1,0,0,0.014151515151515161,30.23700000000083,33.66900000000075,blitz,Unknown
20250511_214023,2025-05-11 21:40:23,white,64.54095,33,17,16,4,2,4,1,1,0,0,0.014151515151515161,30.23700000000083,33.66900000000075,blitz,Unknown
20250511_214023,2025-05-11 21:40:23,white,64.560118,33,17,16,4,2,4,1,1,0,0,0.014151515151515161,30.23700000000083,33.66900000000075,blitz,Unknown
20250511_214023,2025-05-11 21:40:23,white,64.580269,33,17,16,4,2,4,1,1,0,0,0.014151515151515161,30.23700000000083,33.66900000000075,blitz,Unknown
20250511_214023,2025-05-11 21:40:23,white,64.600637,33,17,16,4,2,4,1,1,0,0,0.014151515151515161,30.23700000000083,33.66900000000075,blitz,Unknown
20250511_214023,2025-05-11 21:40:23,white,64.621936,33,17,16,4,2,4,1,1,0,0,0.014151515151515161,30.23700000000083,33.66900000000075,blitz,Unknown
20250511_214023,2025-05-11 21:40:23,white,64.642277,33,17,16,4,2,4,1,1,0,0,0.014151515151515161,30.23700000000083,33.66900000000075,blitz,Unknown
20250511_214023,2025-05-11 21:40:23,white,64.664976,33,17,16,4,2,4,1,1,0,0,0.014151515151515161,30.23700000000083,33.66900000000075,blitz,Unknown
20250511_214023,2025-05-11 21:40:23,white,64.684221,33,17,16,4,2,4,1,1,0,0,0.014151515151515161,30.23700000000083,33.66900000000075,blitz,Unknown
20250511_214023,2025-05-11 21:40:23,white,64.707597,33,17,16,4,2,4,1,1,0,0,0.014151515151515161,30.23700000000083,33.66900000000075,blitz,Unknown
20250511_214023,2025-05-11 21:40:23,white,64.729597,33,17,16,4,2,4,1,1,0,0,0.014151515151515161,30.23700000000083,33.66900000000075,blitz,Unknown
20250511_214023,2025-05-11 21:40:23,white,64.748872,33,17,16,4,2,4,1,1,0,0,0.014151515151515161,30.23700000000083,33.66900000000075,blitz,Unknown
20250511_214023,2025-05-11 21:40:23,white,64.768143,33,17,16,4,2,4,1,1,0,0,0.014151515151515161,30.23700000000083,33.66900000000075,blitz,Unknown
20250511_214023,2025-05-11 21:40:23,white,64.791233,33,17,16,4,2,4,1,1,0,0,0.014151515151515161,30.23700000000083,33.66900000000075,blitz,Unknown
20250511_214023,2025-05-11 21:40:23,white,64.81098,33,17,16,4,2,4,1,1,0,0,0.014151515151515161,30.23700000000083,33.66900000000075,blitz,Unknown
20250511_214023,2025-05-11 21:40:23,white,64.832766,33,17,16,4,2,4,1,1,0,0,0.014151515151515161,30.23700000000083,33.66900000000075,blitz,Unknown
20250511_214023,2025-05-11 21:40:23,white,64.854996,33,17,16,4,2,4,1,1,0,0,0.014151515151515161,30.23700000000083,33.66900000000075,blitz,Unknown
20250511_214023,2025-05-11 21:40:23,white,64.874482,33,17,16,4,2,4,1,1,0,0,0.014151515151515161,30.23700000000083,33.66900000000075,blitz,Unknown
20250511_214023,2025-05-11 21:40:23,white,64.894284,33,17,16,4,2,4,1,1,0,0,0.014151515151515161,30.23700000000083,33.66900000000075,blitz,Unknown
20250511_214023,2025-05-11 21:40:23,white,64.91532,33,17,16,4,2,4,1,1,0,0,0.014151515151515161,30.23700000000083,33.66900000000075,blitz,Unknown
20250511_214023,2025-05-11 21:40:23,white,64.934501,33,17,16,4,2,4,1,1,0,0,0.014151515151515161,30.23700000000083,33.66900000000075,blitz,Unknown
20250511_214023,2025-05-11 21:40:23,white,64.955818,33,17,16,4,2,4,1,1,0,0,0.014151515151515161,30.23700000000083,33.66900000000075,blitz,Unknown
20250511_214023,2025-05-11 21:40:23,white,64.974842,33,17,16,4,2,4,1,1,0,0,0.014151515151515161,30.23700000000083,33.66900000000075,blitz,Unknown
20250511_214023,2025-05-11 21:40:23,white,64.996896,33,17,16,4,2,4,1,1,0,0,0.014151515151515161,30.23700000000083,33.66900000000075,blitz,Unknown
20250511_214023,2025-05-11 21:40:23,white,65.017135,33,17,16,4,2,4,1,1,0,0,0.014151515151515161,30.23700000000083,33.66900000000075,blitz,Unknown
20250511_214023,2025-05-11 21:40:23,white,65.040014,33,17,16,4,2,4,1,1,0,0,0.014151515151515161,30.23700000000083,33.66900000000075,blitz,Unknown
20250511_214023,2025-05-11 21:40:23,white,65.059146,33,17,16,4,2,4,1,1,0,0,0.014151515151515161,30.23700000000083,33.66900000000075,blitz,Unknown
20250511_214023,2025-05-11 21:40:23,white,65.07828,33,17,16,4,2,4,1,1,0,0,0.014151515151515161,30.23700000000083,33.66900000000075,blitz,Unknown
20250511_214023,2025-05-11 21:40:23,white,65.097389,33,17,16,4,2,4,1,1,0,0,0.014151515151515161,30.23700000000083,33.66900000000075,blitz,Unknown
20250511_214023,2025-05-11 21:40:23,white,65.117682,33,17,16,4,2,4,1,1,0,0,0.014151515151515161,30.23700000000083,33.66900000000075,blitz,Unknown
20250511_214023,2025-05-11 21:40:23,white,65.139679,33,17,16,4,2,4,1,1,0,0,0.014151515151515161,30.23700000000083,33.66900000000075,blitz,Unknown
20250511_214023,2025-05-11 21:40:23,white,65.158655,33,17,16,4,2,4,1,1,0,0,0.014151515151515161,30.23700000000083,33.66900000000075,blitz,Unknown
20250511_214023,2025-05-11 21:40:23,white,65.177693,33,17,16,4,2,4,1,1,0,0,0.014151515151515161,30.23700000000083,33.66900000000075,blitz,Unknown
20250511_223000,2025-05-11 22:30:00,white,11.16552,7,4,3,1,0,0,0,0,0,0,0.013714285714285712,5.916000000000231,5.143000000000178,blitz,Unknown
20250511_223000,2025-05-11 22:30:00,white,11.187865,7,4,3,1,0,1,0,0,0,0,0.013714285714285712,5.916000000000231,5.143000000000178,blitz,Unknown
20250511_223000,2025-05-11 22:30:00,white,11.212195,7,4,3,1,0,1,0,0,0,0,0.013714285714285712,5.916000000000231,5.143000000000178,blitz,Unknown
20250511_223000,2025-05-11 22:30:00,white,11.236372,7,4,3,1,0,1,0,0,0,0,0.013714285714285712,5.916000000000231,5.143000000000178,blitz,Unknown
20250511_223000,2025-05-11 22:30:00,white,11.260249,7,4,3,1,0,1,0,0,0,0,0.013714285714285712,5.916000000000231,5.143000000000178,blitz,Unknown
20250511_223000,2025-05-11 22:30:00,white,11.279748,7,4,3,1,0,1,0,0,0,0,0.013714285714285712,5.916000000000231,5.143000000000178,blitz,Unknown
20250511_223000,2025-05-11 22:30:00,white,11.299856,7,4,3,1,0,1,0,0,0,0,0.013714285714285712,5.916000000000231,5.143000000000178,blitz,Unknown
20250511_223000,2025-05-11 22:30:00,white,11.320665,7,4,3,1,0,1,0,0,0,0,0.013714285714285712,5.916000000000231,5.143000000000178,blitz,Unknown
20250511_223000,2025-05-11 22:30:00,white,11.341987,7,4,3,1,0,1,0,0,0,0,0.013714285714285712,5.916000000000231,5.143000000000178,blitz,Unknown
20250511_223000,2025-05-11 22:30:00,white,11.361693,7,4,3,1,0,1,0,0,0,0,0.013714285714285712,5.916000000000231,5.143000000000178,blitz,Unknown
20250511_223000,2025-05-11 22:30:00,white,11.383994,7,4,3,1,0,1,0,0,0,0,0.013714285714285712,5.916000000000231,5.143000000000178,blitz,Unknown
20250511_223000,2025-05-11 22:30:00,white,11.40497,7,4,3,1,0,1,0,0,0,0,0.013714285714285712,5.916000000000231,5.143000000000178,blitz,Unknown
20250511_223000,2025-05-11 22:30:00,white,11.42443,7,4,3,1,0,1,0,0,0,0,0.013714285714285712,5.916000000000231,5.143000000000178,blitz,Unknown
20250511_223000,2025-05-11 22:30:00,white,11.446938,7,4,3,1,0,1,0,0,0,0,0.013714285714285712,5.916000000000231,5.143000000000178,blitz,Unknown
20250511_223000,2025-05-11 22:30:00,white,11.469722,7,4,3,1,0,1,0,0,0,0,0.013714285714285712,5.916000000000231,5.143000000000178,blitz,Unknown
20250511_223000,2025-05-11 22:30:00,white,11.489234,7,4,3,1,0,1,0,0,0,0,0.013714285714285712,5.916000000000231,5.143000000000178,blitz,Unknown
20250511_223000,2025-05-11 22:30:00,white,11.508647,7,4,3,1,0,1,0,0,0,0,0.013714285714285712,5.916000000000231,5.143000000000178,blitz,Unknown
20250511_223000,2025-05-11 22:30:00,white,11.531028,7,4,3,1,0,1,0,0,0,0,0.013714285714285712,5.916000000000231,5.143000000000178,blitz,Unknown
20250511_223000,2025-05-11 22:30:00,white,11.551782,7,4,3,1,0,1,0,0,0,0,0.013714285714285712,5.916000000000231,5.143000000000178,blitz,Unknown
20250511_223000,2025-05-11 22:30:00,white,11.571225,7,4,3,1,0,1,0,0,0,0,0.013714285714285712,5.916000000000231,5.143000000000178,blitz,Unknown
20250511_223000,2025-05-11 22:30:00,white,11.594284,7,4,3,1,0,1,0,0,0,0,0.013714285714285712,5.916000000000231,5.143000000000178,blitz,Unknown
20250511_223000,2025-05-11 22:30:00,white,11.617965,7,4,3,1,0,1,0,0,0,0,0.013714285714285712,5.916000000000231,5.143000000000178,blitz,Unknown
20250511_223000,2025-05-11 22:30:00,white,11.6417,7,4,3,1,0,1,0,0,0,0,0.013714285714285712,5.916000000000231,5.143000000000178,blitz,Unknown
20250511_223000,2025-05-11 22:30:00,white,11.664381,7,4,3,1,0,1,0,0,0,0,0.013714285714285712,5.916000000000231,5.143000000000178,blitz,Unknown
20250511_223000,2025-05-11 22:30:00,white,11.683522,7,4,3,1,0,1,0,0,0,0,0.013714285714285712,5.916000000000231,5.143000000000178,blitz,Unknown
20250511_223000,2025-05-11 22:30:00,white,11.702647,7,4,3,1,0,1,0,0,0,0,0.013714285714285712,5.916000000000231,5.143000000000178,blitz,Unknown
20250511_223000,2025-05-11 22:30:00,white,11.7217,7,4,3,1,0,1,0,0,0,0,0.013714285714285712,5.916000000000231,5.143000000000178,blitz,Unknown
20250511_223000,2025-05-11 22:30:00,white,11.74079,7,4,3,1,0,1,0,0,0,0,0.013714285714285712,5.916000000000231,5.143000000000178,blitz,Unknown
20250511_223000,2025-05-11 22:30:00,white,11.763104,7,4,3,1,0,1,0,0,0,0,0.013714285714285712,5.916000000000231,5.143000000000178,blitz,Unknown
20250511_223000,2025-05-11 22:30:00,white,11.78315,7,4,3,1,0,1,0,0,0,0,0.013714285714285712,5.916000000000231,5.143000000000178,blitz,Unknown
20250511_223000,2025-05-11 22:30:00,white,11.802297,7,4,3,1,0,1,0,0,0,0,0.013714285714285712,5.916000000000231,5.143000000000178,blitz,Unknown
20250511_223000,2025-05-11 22:30:00,white,11.821397,7,4,3,1,0,1,0,0,0,0,0.013714285714285712,5.916000000000231,5.143000000000178,blitz,Unknown
20250511_223000,2025-05-11 22:30:00,white,11.842618,7,4,3,1,0,1,0,0,0,0,0.013714285714285712,5.916000000000231,5.143000000000178,blitz,Unknown
20250511_223000,2025-05-11 22:30:00,white,11.861701,7,4,3,1,0,1,0,0,0,0,0.013714285714285712,5.916000000000231,5.143000000000178,blitz,Unknown
20250511_223000,2025-05-11 22:30:00,white,11.882854,7,4,3,1,0,1,0,0,0,0,0.013714285714285712,5.916000000000231,5.143000000000178,blitz,Unknown
20250511_223000,2025-05-11 22:30:00,white,11.901925,7,4,3,1,0,1,0,0,0,0,0.013714285714285712,5.916000000000231,5.143000000000178,blitz,Unknown
20250511_223000,2025-05-11 22:30:00,white,11.92247,7,4,3,1,0,1,0,0,0,0,0.013714285714285712,5.916000000000231,5.143000000000178,blitz,Unknown
20250511_223000,2025-05-11 22:30:00,white,11.944689,7,4,3,1,0,1,0,0,0,0,0.013714285714285712,5.916000000000231,5.143000000000178,blitz,Unknown
20250511_223000,2025-05-11 22:30:00,white,11.96381,7,4,3,1,0,1,0,0,0,0,0.013714285714285712,5.916000000000231,5.143000000000178,blitz,Unknown
20250511_223000,2025-05-11 22:30:00,white,11.982883,7,4,3,1,0,1,0,0,0,0,0.013714285714285712,5.916000000000231,5.143000000000178,blitz,Unknown
20250511_223000,2025-05-11 22:30:00,white,12.001883,7,4,3,1,0,1,0,0,0,0,0.013714285714285712,5.916000000000231,5.143000000000178,blitz,Unknown
20250511_223000,2025-05-11 22:30:00,white,12.020796,7,4,3,1,0,1,0,0,0,0,0.013714285714285712,5.916000000000231,5.143000000000178,blitz,Unknown
20250511_223000,2025-05-11 22:30:00,white,12.041987,7,4,3,1,0,1,0,0,0,0,0.013714285714285712,5.916000000000231,5.143000000000178,blitz,Unknown
20250511_223000,2025-05-11 22:30:00,white,12.061091,7,4,3,1,0,1,0,0,0,0,0.013714285714285712,5.916000000000231,5.143000000000178,blitz,Unknown
20250511_223000,2025-05-11 22:30:00,white,12.082176,7,4,3,1,0,1,0,0,0,0,0.013714285714285712,5.916000000000231,5.143000000000178,blitz,Unknown
20250511_223000,2025-05-11 22:30:00,white,12.103424,7,4,3,1,0,1,0,0,0,0,0.013714285714285712,5.916000000000231,5.143000000000178,blitz,Unknown
20250511_223000,2025-05-11 22:30:00,white,12.122433,7,4,3,1,0,1,0,0,0,0,0.013714285714285712,5.916000000000231,5.143000000000178,blitz,Unknown
20250511_223000,2025-05-11 22:30:00,white,12.141433,7,4,3,1,0,1,0,0,0,0,0.013714285714285712,5.916000000000231,5.143000000000178,blitz,Unknown
20250511_223000,2025-05-11 22:30:00,white,12.160416,7,4,3,1,0,1,0,0,0,0,0.013714285714285712,5.916000000000231,5.143000000000178,blitz,Unknown
20250511_223000,2025-05-11 22:30:00,white,12.181327,7,4,3,1,0,1,0,0,0,0,0.013714285714285712,5.916000000000231,5.143000000000178,blitz,Unknown
20250511_223000,2025-05-11 22:30:00,white,12.202752,7,4,3,1,0,1,0,0,0,0,0.013714285714285712,5.916000000000231,5.143000000000178,blitz,Unknown
20250511_223000,2025-05-11 22:30:00,white,12.221681,7,4,3,1,0,1,0,0,0,0,0.013714285714285712,5.916000000000231,5.143000000000178,blitz,Unknown
20250511_223000,2025-05-11 22:30:00,white,12.24073,7,4,3,1,0,1,0,0,0,0,0.013714285714285712,5.916000000000231,5.143000000000178,blitz,Unknown
20250511_223000,2025-05-11 22:30:00,white,12.259696,7,4,3,1,0,1,0,0,0,0,0.013714285714285712,5.916000000000231,5.143000000000178,blitz,Unknown
20250511_223000,2025-05-11 22:30:00,white,12.278777,7,4,3,1,0,1,0,0,0,0,0.013714285714285712,5.916000000000231,5.143000000000178,blitz,Unknown
20250511_223000,2025-05-11 22:30:00,white,12.299214,7,4,3,1,0,1,0,0,0,0,0.013714285714285712,5.916000000000231,5.143000000000178,blitz,Unknown
20250511_223000,2025-05-11 22:30:00,white,12.321112,7,4,3,1,0,1,0,0,0,0,0.013714285714285712,5.916000000000231,5.143000000000178,blitz,Unknown
20250511_223000,2025-05-11 22:30:00,white,12.340139,7,4,3,1,0,1,0,0,0,0,0.013714285714285712,5.916000000000231,5.143000000000178,blitz,Unknown
20250511_223000,2025-05-11 22:30:00,white,12.359254,7,4,3,1,0,1,0,0,0,0,0.013714285714285712,5.916000000000231,5.143000000000178,blitz,Unknown
20250511_223000,2025-05-11 22:30:00,white,12.378298,7,4,3,1,0,1,0,0,0,0,0.013714285714285712,5.916000000000231,5.143000000000178,blitz,Unknown
20250511_223000,2025-05-11 22:30:00,white,12.397368,7,4,3,1,0,1,0,0,0,0,0.013714285714285712,5.916000000000231,5.143000000000178,blitz,Unknown
20250511_223000,2025-05-11 22:30:00,white,12.416963,7,4,3,1,0,1,0,0,0,0,0.013714285714285712,5.916000000000231,5.143000000000178,blitz,Unknown
20250511_223000,2025-05-11 22:30:00,white,12.439609,7,4,3,1,0,1,0,0,0,0,0.013714285714285712,5.916000000000231,5.143000000000178,blitz,Unknown
20250511_223000,2025-05-11 22:30:00,white,12.458617,7,4,3,1,0,1,0,0,0,0,0.013714285714285712,5.916000000000231,5.143000000000178,blitz,Unknown
20250511_223000,2025-05-11 22:30:00,white,12.477671,7,4,3,1,0,1,0,0,0,0,0.013714285714285712,5.916000000000231,5.143000000000178,blitz,Unknown
20250511_223000,2025-05-11 22:30:00,white,12.498838,7,4,3,1,0,1,0,0,0,0,0.013714285714285712,5.916000000000231,5.143000000000178,blitz,Unknown
20250511_223000,2025-05-11 22:30:00,white,12.517867,7,4,3,1,0,1,0,0,0,0,0.013714285714285712,5.916000000000231,5.143000000000178,blitz,Unknown
20250511_223000,2025-05-11 22:30:00,white,12.536935,7,4,3,1,0,1,0,0,0,0,0.013714285714285712,5.916000000000231,5.143000000000178,blitz,Unknown
20250511_223000,2025-05-11 22:30:00,white,12.558067,7,4,3,1,0,1,0,0,0,0,0.013714285714285712,5.916000000000231,5.143000000000178,blitz,Unknown
